project,domain,name
3cc5dac7,www.turnkeyvr.com,Turnkey
36cd7d9d,www.asuresoftware.com,Asure Software
5b7e720b,www.wheretostay.com,Where To Stay
4ebfa8b6,milkandhoneyspa.com,Milk + Honey Spa
86db569f,milkandhoneysalon.com,Milk + Honey Salon
642ac9ca,milkandhoney.com,Milk + Honey
f2de8137,weinberggroup.com,The Weinberg Group
97056de2,www.texasdisposal.com,Texas Disposal Systems
01970751,bloomfire.com,Bloomfire
9a81c682,www.cervicaldisc.com,Cervical Disc
e42c65bb,woolery.com,The Woolery
ea6de9c0,www.kirkusreviews.com,Kirkus Reviews
c7ed969b,southcongresshotel.com,South Congress Hotel
81bb3aad,hotelella.com,Hotel Ella
69f8bf6b,www.gatherhere.com,Gather
debb47cf,www.effectivespend.com,Effective Spend
